id,filename,folder,label
1,00001.jpg,fly,1
2,00002.jpg,fly,1
3,00003.jpg,fly,1
4,00004.jpg,fly,1
5,00005.jpg,fly,1
6,00006.jpg,fly,1
7,00007.jpg,fly,1
8,00008.jpg,fly,1
9,00009.jpg,fly,1
10,00010.jpg,fly,1
11,00011.jpg,fly,1
12,00012.jpg,fly,1
13,00013.jpg,fly,1
14,00014.jpg,fly,1
15,00015.jpg,fly,1
16,00016.jpg,fly,1
17,00017.jpg,fly,1
18,00018.jpg,fly,1
19,00019.jpg,fly,1
20,00020.jpg,fly,1
21,00021.jpg,fly,1
22,00022.jpg,fly,1
23,00023.jpg,fly,1
24,00024.jpg,fly,1
25,00025.jpg,fly,1
26,00026.jpg,fly,1
27,00027.jpg,fly,1
28,00028.jpg,fly,1
29,00029.jpg,fly,1
30,00030.jpg,fly,1
31,00031.jpg,fly,1
32,00032.jpg,fly,1
33,00033.jpg,fly,1
34,00034.jpg,fly,1
35,00035.jpg,fly,1
36,00036.jpg,fly,1
37,00037.jpg,fly,1
38,00038.jpg,fly,1
39,00039.jpg,fly,1
40,00040.jpg,fly,1
41,00041.jpg,fly,1
42,00042.jpg,fly,1
43,00043.jpg,fly,1
44,00044.jpg,fly,1
45,00045.jpg,fly,1
46,00046.jpg,fly,1
47,00047.jpg,fly,1
48,00048.jpg,fly,1
49,00049.jpg,fly,1
50,00050.jpg,fly,1
51,00051.jpg,fly,1
52,00052.jpg,fly,1
53,00053.jpg,fly,1
54,00054.jpg,fly,1
55,00055.jpg,fly,1
56,00056.jpg,fly,1
57,00057.jpg,fly,1
58,00058.jpg,fly,1
59,00059.jpg,fly,1
60,00060.jpg,fly,1
61,00061.jpg,fly,1
62,00062.jpg,fly,1
63,00063.jpg,fly,1
64,00064.jpg,fly,1
65,00065.jpg,fly,1
66,00066.jpg,fly,1
67,00067.jpg,fly,1
68,00068.jpg,fly,1
69,00069.jpg,fly,1
70,00070.jpg,fly,1
71,00071.jpg,fly,1
72,00072.jpg,fly,1
73,00073.jpg,fly,1
74,00074.jpg,fly,1
75,00075.jpg,fly,1
76,00076.jpg,fly,1
77,00077.jpg,fly,1
78,00078.jpg,fly,1
79,00079.jpg,fly,1
80,00080.jpg,fly,1
81,00081.jpg,fly,1
82,00082.jpg,fly,1
83,00083.jpg,fly,1
84,00084.jpg,fly,1
85,00085.jpg,fly,1
86,00086.jpg,fly,1
87,00087.jpg,fly,1
88,00088.jpg,fly,1
89,00089.jpg,fly,1
90,00090.jpg,fly,1
91,00091.jpg,fly,1
92,00092.jpg,fly,1
93,00093.jpg,fly,1
94,00094.jpg,fly,1
95,00095.jpg,fly,1
96,00096.jpg,fly,1
97,00097.jpg,fly,1
98,00098.jpg,fly,1
99,00099.jpg,fly,1
100,00100.jpg,fly,1
101,00101.jpg,fly,1
102,00102.jpg,fly,1
103,00103.jpg,fly,1
104,00104.jpg,fly,1
105,00105.jpg,fly,1
106,00106.jpg,fly,1
107,00107.jpg,fly,1
108,00108.jpg,fly,1
109,00109.jpg,fly,1
110,00110.jpg,fly,1
111,00111.jpg,fly,1
112,00112.jpg,fly,1
113,00113.jpg,fly,1
114,00114.jpg,fly,1
115,00115.jpg,fly,1
116,00116.jpg,fly,1
117,00117.jpg,fly,1
118,00118.jpg,fly,1
119,00119.jpg,fly,1
120,00120.jpg,fly,1
121,00121.jpg,fly,1
122,00122.jpg,fly,1
123,00123.jpg,fly,1
124,00124.jpg,fly,1
125,00125.jpg,fly,1
126,00126.jpg,fly,1
127,00127.jpg,fly,1
128,00128.jpg,fly,1
129,00129.jpg,fly,1
130,00130.jpg,fly,1
131,00131.jpg,fly,1
132,00132.jpg,fly,1
133,00133.jpg,fly,1
134,00134.jpg,fly,1
135,00135.jpg,fly,1
136,00136.jpg,fly,1
137,00137.jpg,fly,1
138,00138.jpg,fly,1
139,00139.jpg,fly,1
140,00140.jpg,fly,1
141,00141.jpg,fly,1
142,00142.jpg,fly,1
143,00143.jpg,fly,1
144,00144.jpg,fly,1
145,00145.jpg,fly,1
146,00146.jpg,fly,1
147,00147.jpg,fly,1
148,00148.jpg,fly,1
149,00149.jpg,fly,1
150,00150.jpg,fly,1
151,00151.jpg,fly,1
152,00152.jpg,fly,1
153,00153.jpg,fly,1
154,00154.jpg,fly,1
155,00155.jpg,fly,1
156,00156.jpg,fly,1
157,00157.jpg,fly,1
158,00158.jpg,fly,1
159,00159.jpg,fly,1
160,00160.jpg,fly,1
161,00161.jpg,fly,1
162,00162.jpg,fly,1
163,00163.jpg,fly,1
164,00164.jpg,fly,1
165,00165.jpg,fly,1
166,00166.jpg,fly,1
167,00167.jpg,fly,1
168,00168.jpg,fly,1
169,00169.jpg,fly,1
170,00170.jpg,fly,1
171,00171.jpg,fly,1
172,00172.jpg,fly,1
173,00173.jpg,fly,1
174,00174.jpg,fly,1
175,00175.jpg,fly,1
176,00176.jpg,fly,1
177,00177.jpg,fly,1
178,00178.jpg,fly,1
179,00179.jpg,fly,1
180,00180.jpg,fly,1
181,00181.jpg,fly,1
182,00182.jpg,fly,1
183,00183.jpg,fly,1
184,00184.jpg,fly,1
185,00185.jpg,fly,1
186,00186.jpg,fly,1
187,00187.jpg,fly,1
188,00188.jpg,fly,1
189,00189.jpg,fly,1
190,00190.jpg,fly,1
191,00191.jpg,fly,1
192,00192.jpg,fly,1
193,00193.jpg,fly,1
194,00194.jpg,fly,1
195,00195.jpg,fly,1
196,00196.jpg,fly,1
197,00197.jpg,fly,1
198,00198.jpg,fly,1
199,00199.jpg,fly,1
200,00200.jpg,fly,1
201,00201.jpg,fly,1
202,00202.jpg,fly,1
203,00203.jpg,fly,1
204,00204.jpg,fly,1
205,00205.jpg,fly,1
206,00206.jpg,fly,1
207,00207.jpg,fly,1
208,00208.jpg,fly,1
209,00209.jpg,fly,1
210,00210.jpg,fly,1
211,00211.jpg,fly,1
212,00212.jpg,fly,1
213,00213.jpg,fly,1
214,00214.jpg,fly,1
215,00215.jpg,fly,1
216,00216.jpg,fly,1
217,00217.jpg,fly,1
218,00218.jpg,fly,1
219,00219.jpg,fly,1
220,00220.jpg,fly,1
221,00221.jpg,fly,1
222,00222.jpg,fly,1
223,00223.jpg,fly,1
224,00224.jpg,fly,1
225,00225.jpg,fly,1
226,00226.jpg,fly,1
227,00227.jpg,fly,1
228,00228.jpg,fly,1
229,00229.jpg,fly,1
230,00230.jpg,fly,1
231,00231.jpg,fly,1
232,00232.jpg,fly,1
233,00233.jpg,fly,1
234,00234.jpg,fly,1
235,00235.jpg,fly,1
236,00236.jpg,fly,1
237,00237.jpg,fly,1
238,00238.jpg,fly,1
239,00239.jpg,fly,1
240,00240.jpg,fly,1
241,00241.jpg,fly,1
242,00242.jpg,fly,1
243,00243.jpg,fly,1
244,00244.jpg,fly,1
245,00245.jpg,fly,1
246,00246.jpg,fly,1
247,00247.jpg,fly,1
248,00248.jpg,fly,1
249,00249.jpg,fly,1
250,00250.jpg,fly,1
251,00251.jpg,fly,1
252,00252.jpg,fly,1
253,00253.jpg,fly,1
254,00254.jpg,fly,1
255,00255.jpg,fly,1
256,00256.jpg,fly,1
257,00257.jpg,fly,1
258,00258.jpg,fly,1
259,00259.jpg,fly,1
260,00260.jpg,fly,1
261,00261.jpg,fly,1
262,00262.jpg,fly,1
263,00263.jpg,fly,1
264,00264.jpg,fly,1
265,00265.jpg,fly,1
266,00266.jpg,fly,1
267,00267.jpg,fly,1
268,00268.jpg,fly,1
269,00269.jpg,fly,1
270,00270.jpg,fly,1
271,00271.jpg,fly,1
272,00272.jpg,fly,1
273,00273.jpg,fly,1
274,00274.jpg,fly,1
275,00275.jpg,fly,1
276,00276.jpg,fly,1
277,00277.jpg,fly,1
278,00278.jpg,fly,1
279,00279.jpg,fly,1
280,00280.jpg,fly,1
281,00281.jpg,fly,1
282,00282.jpg,fly,1
283,00283.jpg,fly,1
284,00284.jpg,nofly,0
285,00285.jpg,nofly,0
286,00286.jpg,nofly,0
287,00287.jpg,nofly,0
288,00288.jpg,nofly,0
289,00289.jpg,nofly,0
290,00290.jpg,nofly,0
291,00291.jpg,nofly,0
292,00292.jpg,nofly,0
293,00293.jpg,nofly,0
294,00294.jpg,nofly,0
295,00295.jpg,nofly,0
296,00296.jpg,nofly,0
297,00297.jpg,nofly,0
298,00298.jpg,nofly,0
299,00299.jpg,nofly,0
300,00300.jpg,nofly,0
301,00301.jpg,nofly,0
302,00302.jpg,nofly,0
303,00303.jpg,nofly,0
304,00304.jpg,nofly,0
305,00305.jpg,nofly,0
306,00306.jpg,nofly,0
307,00307.jpg,nofly,0
308,00308.jpg,nofly,0
309,00309.jpg,nofly,0
310,00310.jpg,nofly,0
311,00311.jpg,nofly,0
312,00312.jpg,nofly,0
313,00313.jpg,nofly,0
314,00314.jpg,nofly,0
315,00315.jpg,nofly,0
316,00316.jpg,nofly,0
317,00317.jpg,nofly,0
318,00318.jpg,nofly,0
319,00319.jpg,nofly,0
320,00320.jpg,nofly,0
321,00321.jpg,nofly,0
322,00322.jpg,nofly,0
323,00323.jpg,nofly,0
324,00324.jpg,nofly,0
325,00325.jpg,nofly,0
326,00326.jpg,nofly,0
327,00327.jpg,nofly,0
328,00328.jpg,nofly,0
329,00329.jpg,nofly,0
330,00330.jpg,nofly,0
331,00331.jpg,nofly,0
332,00332.jpg,nofly,0
333,00333.jpg,nofly,0
334,00334.jpg,nofly,0
335,00335.jpg,nofly,0
336,00336.jpg,nofly,0
337,00337.jpg,nofly,0
338,00338.jpg,nofly,0
339,00339.jpg,nofly,0
340,00340.jpg,nofly,0
341,00341.jpg,nofly,0
342,00342.jpg,nofly,0
343,00343.jpg,nofly,0
344,00344.jpg,nofly,0
345,00345.jpg,nofly,0
346,00346.jpg,nofly,0
347,00347.jpg,nofly,0
348,00348.jpg,nofly,0
349,00349.jpg,nofly,0
350,00350.jpg,nofly,0
351,00351.jpg,nofly,0
352,00352.jpg,nofly,0
353,00353.jpg,nofly,0
354,00354.jpg,nofly,0
355,00355.jpg,nofly,0
356,00356.jpg,nofly,0
357,00357.jpg,nofly,0
358,00358.jpg,nofly,0
359,00359.jpg,nofly,0
360,00360.jpg,nofly,0
361,00361.jpg,nofly,0
362,00362.jpg,nofly,0
363,00363.jpg,nofly,0
364,00364.jpg,nofly,0
365,00365.jpg,nofly,0
366,00366.jpg,nofly,0
367,00367.jpg,nofly,0
368,00368.jpg,nofly,0
369,00369.jpg,nofly,0
370,00370.jpg,nofly,0
371,00371.jpg,nofly,0
372,00372.jpg,nofly,0
373,00373.jpg,nofly,0
374,00374.jpg,nofly,0
375,00375.jpg,nofly,0
376,00376.jpg,nofly,0
377,00377.jpg,nofly,0
378,00378.jpg,nofly,0
379,00379.jpg,nofly,0
380,00380.jpg,nofly,0
381,00381.jpg,nofly,0
382,00382.jpg,nofly,0
383,00383.jpg,nofly,0
384,00384.jpg,nofly,0
385,00385.jpg,nofly,0
386,00386.jpg,nofly,0
387,00387.jpg,nofly,0
388,00388.jpg,nofly,0
389,00389.jpg,nofly,0
390,00390.jpg,nofly,0
391,00391.jpg,nofly,0
392,00392.jpg,nofly,0
393,00393.jpg,nofly,0
394,00394.jpg,nofly,0
395,00395.jpg,nofly,0
396,00396.jpg,nofly,0
397,00397.jpg,nofly,0
398,00398.jpg,nofly,0
399,00399.jpg,nofly,0
400,00400.jpg,nofly,0
401,00401.jpg,nofly,0
402,00402.jpg,nofly,0
403,00403.jpg,nofly,0
404,00404.jpg,nofly,0
405,00405.jpg,nofly,0
406,00406.jpg,nofly,0
407,00407.jpg,nofly,0
408,00408.jpg,nofly,0
409,00409.jpg,nofly,0
410,00410.jpg,nofly,0
411,00411.jpg,nofly,0
412,00412.jpg,nofly,0
413,00413.jpg,nofly,0
414,00414.jpg,nofly,0
415,00415.jpg,nofly,0
416,00416.jpg,nofly,0
417,00417.jpg,nofly,0
418,00418.jpg,nofly,0
419,00419.jpg,nofly,0
420,00420.jpg,nofly,0
421,00421.jpg,nofly,0
422,00422.jpg,nofly,0
423,00423.jpg,nofly,0
424,00424.jpg,nofly,0
425,00425.jpg,nofly,0
426,00426.jpg,nofly,0
427,00427.jpg,nofly,0
428,00428.jpg,nofly,0
429,00429.jpg,nofly,0
430,00430.jpg,nofly,0
431,00431.jpg,nofly,0
432,00432.jpg,nofly,0
433,00433.jpg,nofly,0
434,00434.jpg,nofly,0
435,00435.jpg,nofly,0
436,00436.jpg,nofly,0
437,00437.jpg,nofly,0
438,00438.jpg,nofly,0
439,00439.jpg,nofly,0
440,00440.jpg,nofly,0
441,00441.jpg,nofly,0
442,00442.jpg,nofly,0
443,00443.jpg,nofly,0
444,00444.jpg,nofly,0
445,00445.jpg,nofly,0
446,00446.jpg,nofly,0
447,00447.jpg,nofly,0
448,00448.jpg,nofly,0
449,00449.jpg,nofly,0
450,00450.jpg,nofly,0
451,00451.jpg,nofly,0
452,00452.jpg,nofly,0
453,00453.jpg,nofly,0
454,00454.jpg,nofly,0
455,00455.jpg,nofly,0
456,00456.jpg,nofly,0
457,00457.jpg,nofly,0
458,00458.jpg,nofly,0
459,00459.jpg,nofly,0
460,00460.jpg,nofly,0
461,00461.jpg,nofly,0
462,00462.jpg,nofly,0
463,00463.jpg,nofly,0
464,00464.jpg,nofly,0
465,00465.jpg,nofly,0
466,00466.jpg,nofly,0
467,00467.jpg,nofly,0
468,00468.jpg,nofly,0
469,00469.jpg,nofly,0
470,00470.jpg,nofly,0
471,00471.jpg,nofly,0
472,00472.jpg,nofly,0
473,00473.jpg,nofly,0
474,00474.jpg,nofly,0
475,00475.jpg,nofly,0
476,00476.jpg,nofly,0
477,00477.jpg,nofly,0
478,00478.jpg,nofly,0
479,00479.jpg,nofly,0
480,00480.jpg,nofly,0
481,00481.jpg,nofly,0
482,00482.jpg,nofly,0
483,00483.jpg,nofly,0
484,00484.jpg,nofly,0
485,00485.jpg,nofly,0
486,00486.jpg,nofly,0
487,00487.jpg,nofly,0
488,00488.jpg,nofly,0
489,00489.jpg,nofly,0
490,00490.jpg,nofly,0
491,00491.jpg,nofly,0
492,00492.jpg,nofly,0
493,00493.jpg,nofly,0
494,00494.jpg,nofly,0
495,00495.jpg,nofly,0
496,00496.jpg,nofly,0
497,00497.jpg,nofly,0
498,00498.jpg,nofly,0
499,00499.jpg,nofly,0
500,00500.jpg,nofly,0
501,00501.jpg,nofly,0
502,00502.jpg,nofly,0
503,00503.jpg,nofly,0
504,00504.jpg,nofly,0
505,00505.jpg,nofly,0
506,00506.jpg,nofly,0
507,00507.jpg,nofly,0
508,00508.jpg,nofly,0
509,00509.jpg,nofly,0
510,00510.jpg,nofly,0
511,00511.jpg,nofly,0
512,00512.jpg,nofly,0
513,00513.jpg,nofly,0
514,00514.jpg,nofly,0
515,00515.jpg,nofly,0
516,00516.jpg,nofly,0
517,00517.jpg,nofly,0
518,00518.jpg,nofly,0
519,00519.jpg,nofly,0
520,00520.jpg,nofly,0
521,00521.jpg,nofly,0
522,00522.jpg,nofly,0
523,00523.jpg,nofly,0
524,00524.jpg,nofly,0
525,00525.jpg,nofly,0
526,00526.jpg,nofly,0
527,00527.jpg,nofly,0
528,00528.jpg,nofly,0
529,00529.jpg,nofly,0
530,00530.jpg,nofly,0
531,00531.jpg,nofly,0
532,00532.jpg,nofly,0
533,00533.jpg,nofly,0
534,00534.jpg,nofly,0
535,00535.jpg,nofly,0
536,00536.jpg,nofly,0
537,00537.jpg,nofly,0
538,00538.jpg,nofly,0
539,00539.jpg,nofly,0
540,00540.jpg,nofly,0
541,00541.jpg,nofly,0
542,00542.jpg,nofly,0
543,00543.jpg,nofly,0
544,00544.jpg,nofly,0
545,00545.jpg,nofly,0
546,00546.jpg,nofly,0
547,00547.jpg,nofly,0
548,00548.jpg,nofly,0
549,00549.jpg,nofly,0
550,00550.jpg,nofly,0
551,00551.jpg,nofly,0
552,00552.jpg,nofly,0
553,00553.jpg,nofly,0
554,00554.jpg,nofly,0
555,00555.jpg,nofly,0
556,00556.jpg,nofly,0
557,00557.jpg,nofly,0
558,00558.jpg,nofly,0
559,00559.jpg,nofly,0
560,00560.jpg,nofly,0
561,00561.jpg,nofly,0
562,00562.jpg,nofly,0
563,00563.jpg,nofly,0
564,00564.jpg,nofly,0
565,00565.jpg,nofly,0
566,00566.jpg,nofly,0
567,00567.jpg,nofly,0
568,00568.jpg,nofly,0
569,00569.jpg,nofly,0
570,00570.jpg,nofly,0
571,00571.jpg,nofly,0
572,00572.jpg,nofly,0
573,00573.jpg,nofly,0
574,00574.jpg,nofly,0
575,00575.jpg,nofly,0
576,00576.jpg,nofly,0
577,00577.jpg,nofly,0
578,00578.jpg,nofly,0
579,00579.jpg,nofly,0
580,00580.jpg,nofly,0
581,00581.jpg,nofly,0
582,00582.jpg,nofly,0
583,00583.jpg,nofly,0
584,00584.jpg,nofly,0
585,00585.jpg,nofly,0
586,00586.jpg,nofly,0
587,00587.jpg,nofly,0
588,00588.jpg,nofly,0
589,00589.jpg,nofly,0
590,00590.jpg,nofly,0
591,00591.jpg,nofly,0
592,00592.jpg,nofly,0
593,00593.jpg,nofly,0
594,00594.jpg,nofly,0
595,00595.jpg,nofly,0
596,00596.jpg,nofly,0
597,00597.jpg,nofly,0
598,00598.jpg,nofly,0
599,00599.jpg,nofly,0
600,00600.jpg,nofly,0
601,00601.jpg,nofly,0
602,00602.jpg,nofly,0
603,00603.jpg,nofly,0
604,00604.jpg,nofly,0
605,00605.jpg,nofly,0
606,00606.jpg,nofly,0
607,00607.jpg,nofly,0
608,00608.jpg,nofly,0
609,00609.jpg,nofly,0
610,00610.jpg,nofly,0
611,00611.jpg,nofly,0
612,00612.jpg,nofly,0
613,00613.jpg,nofly,0
614,00614.jpg,nofly,0
615,00615.jpg,nofly,0
616,00616.jpg,nofly,0
617,00617.jpg,nofly,0
618,00618.jpg,nofly,0
619,00619.jpg,nofly,0
620,00620.jpg,nofly,0
621,00621.jpg,nofly,0
622,00622.jpg,nofly,0
623,00623.jpg,nofly,0
624,00624.jpg,nofly,0
625,00625.jpg,nofly,0
626,00626.jpg,nofly,0
627,00627.jpg,nofly,0
628,00628.jpg,nofly,0
629,00629.jpg,nofly,0
630,00630.jpg,nofly,0
631,00631.jpg,nofly,0
632,00632.jpg,nofly,0
633,00633.jpg,nofly,0
634,00634.jpg,nofly,0
635,00635.jpg,nofly,0
636,00636.jpg,nofly,0
637,00637.jpg,nofly,0
638,00638.jpg,nofly,0
639,00639.jpg,nofly,0
640,00640.jpg,nofly,0
641,00641.jpg,nofly,0
642,00642.jpg,nofly,0
643,00643.jpg,nofly,0
644,00644.jpg,nofly,0
645,00645.jpg,nofly,0
646,00646.jpg,nofly,0
647,00647.jpg,nofly,0
648,00648.jpg,nofly,0
649,00649.jpg,nofly,0
650,00650.jpg,nofly,0
651,00651.jpg,nofly,0
652,00652.jpg,nofly,0
653,00653.jpg,nofly,0
654,00654.jpg,nofly,0
655,00655.jpg,nofly,0
656,00656.jpg,nofly,0
657,00657.jpg,nofly,0
658,00658.jpg,nofly,0
659,00659.jpg,nofly,0
660,00660.jpg,nofly,0
661,00661.jpg,nofly,0
662,00662.jpg,nofly,0
663,00663.jpg,nofly,0
664,00664.jpg,nofly,0
665,00665.jpg,nofly,0
666,00666.jpg,nofly,0
667,00667.jpg,nofly,0
668,00668.jpg,nofly,0
669,00669.jpg,nofly,0
670,00670.jpg,nofly,0
671,00671.jpg,nofly,0
672,00672.jpg,nofly,0
673,00673.jpg,nofly,0
674,00674.jpg,nofly,0
675,00675.jpg,nofly,0
676,00676.jpg,nofly,0
677,00677.jpg,nofly,0
678,00678.jpg,nofly,0
679,00679.jpg,nofly,0
680,00680.jpg,nofly,0
681,00681.jpg,nofly,0
682,00682.jpg,nofly,0
683,00683.jpg,nofly,0
684,00684.jpg,nofly,0
685,00685.jpg,nofly,0
686,00686.jpg,nofly,0
687,00687.jpg,nofly,0
688,00688.jpg,nofly,0
689,00689.jpg,nofly,0
690,00690.jpg,nofly,0
691,00691.jpg,nofly,0
692,00692.jpg,nofly,0
693,00693.jpg,nofly,0
694,00694.jpg,nofly,0
695,00695.jpg,nofly,0
696,00696.jpg,nofly,0
697,00697.jpg,nofly,0
698,00698.jpg,nofly,0
699,00699.jpg,nofly,0
700,00700.jpg,nofly,0
701,00701.jpg,nofly,0
702,00702.jpg,nofly,0
703,00703.jpg,nofly,0
704,00704.jpg,nofly,0
705,00705.jpg,nofly,0
706,00706.jpg,nofly,0
707,00707.jpg,nofly,0
708,00708.jpg,nofly,0
709,00709.jpg,nofly,0
710,00710.jpg,nofly,0
711,00711.jpg,nofly,0
712,00712.jpg,nofly,0
713,00713.jpg,nofly,0
714,00714.jpg,nofly,0
715,00715.jpg,nofly,0
716,00716.jpg,nofly,0
717,00717.jpg,nofly,0
718,00718.jpg,nofly,0
719,00719.jpg,nofly,0
720,00720.jpg,nofly,0
721,00721.jpg,nofly,0
722,00722.jpg,nofly,0
723,00723.jpg,nofly,0
724,00724.jpg,nofly,0
725,00725.jpg,nofly,0
726,00726.jpg,nofly,0
727,00727.jpg,nofly,0
728,00728.jpg,nofly,0
729,00729.jpg,nofly,0
730,00730.jpg,nofly,0
731,00731.jpg,nofly,0
732,00732.jpg,nofly,0
733,00733.jpg,nofly,0
734,00734.jpg,nofly,0
735,00735.jpg,nofly,0
736,00736.jpg,nofly,0
737,00737.jpg,nofly,0
738,00738.jpg,nofly,0
739,00739.jpg,nofly,0
740,00740.jpg,nofly,0
741,00741.jpg,nofly,0
742,00742.jpg,nofly,0
743,00743.jpg,nofly,0
744,00744.jpg,nofly,0
745,00745.jpg,nofly,0
746,00746.jpg,nofly,0
747,00747.jpg,nofly,0
748,00748.jpg,nofly,0
749,00749.jpg,nofly,0
750,00750.jpg,nofly,0
751,00751.jpg,nofly,0
752,00752.jpg,nofly,0
753,00753.jpg,nofly,0
754,00754.jpg,nofly,0
755,00755.jpg,nofly,0
756,00756.jpg,nofly,0
757,00757.jpg,nofly,0
758,00758.jpg,nofly,0
759,00759.jpg,nofly,0
760,00760.jpg,nofly,0
761,00761.jpg,nofly,0
762,00762.jpg,nofly,0
763,00763.jpg,nofly,0
764,00764.jpg,nofly,0
765,00765.jpg,nofly,0
766,00766.jpg,nofly,0
767,00767.jpg,nofly,0
768,00768.jpg,nofly,0
769,00769.jpg,nofly,0
770,00770.jpg,nofly,0
771,00771.jpg,nofly,0
772,00772.jpg,nofly,0
773,00773.jpg,nofly,0
774,00774.jpg,nofly,0
775,00775.jpg,nofly,0
776,00776.jpg,nofly,0
777,00777.jpg,nofly,0
778,00778.jpg,nofly,0
779,00779.jpg,nofly,0
780,00780.jpg,nofly,0
781,00781.jpg,nofly,0
782,00782.jpg,nofly,0
783,00783.jpg,nofly,0
784,00784.jpg,nofly,0
785,00785.jpg,nofly,0
786,00786.jpg,nofly,0
787,00787.jpg,nofly,0
788,00788.jpg,nofly,0
789,00789.jpg,nofly,0
790,00790.jpg,nofly,0
791,00791.jpg,nofly,0
792,00792.jpg,nofly,0
793,00793.jpg,nofly,0
794,00794.jpg,nofly,0
795,00795.jpg,nofly,0
796,00796.jpg,nofly,0
797,00797.jpg,nofly,0
798,00798.jpg,nofly,0
799,00799.jpg,nofly,0
800,00800.jpg,nofly,0
801,00801.jpg,nofly,0
802,00802.jpg,nofly,0
803,00803.jpg,nofly,0
804,00804.jpg,nofly,0
805,00805.jpg,nofly,0
806,00806.jpg,nofly,0
807,00807.jpg,nofly,0
808,00808.jpg,nofly,0
809,00809.jpg,nofly,0
810,00810.jpg,nofly,0
811,00811.jpg,nofly,0
812,00812.jpg,nofly,0
813,00813.jpg,nofly,0
814,00814.jpg,nofly,0
815,00815.jpg,nofly,0
816,00816.jpg,nofly,0
817,00817.jpg,nofly,0
818,00818.jpg,nofly,0
819,00819.jpg,nofly,0
820,00820.jpg,nofly,0
821,00821.jpg,nofly,0
822,00822.jpg,nofly,0
823,00823.jpg,nofly,0
824,00824.jpg,nofly,0
825,00825.jpg,nofly,0
826,00826.jpg,nofly,0
827,00827.jpg,nofly,0
828,00828.jpg,nofly,0
829,00829.jpg,nofly,0
830,00830.jpg,nofly,0
831,00831.jpg,nofly,0
832,00832.jpg,nofly,0
833,00833.jpg,nofly,0
834,00834.jpg,nofly,0
835,00835.jpg,nofly,0
836,00836.jpg,nofly,0
837,00837.jpg,nofly,0
838,00838.jpg,nofly,0
839,00839.jpg,nofly,0
840,00840.jpg,nofly,0
841,00841.jpg,nofly,0
842,00842.jpg,nofly,0
843,00843.jpg,nofly,0
844,00844.jpg,nofly,0
845,00845.jpg,nofly,0
846,00846.jpg,nofly,0
847,00847.jpg,nofly,0
848,00848.jpg,nofly,0
849,00849.jpg,nofly,0
850,00850.jpg,nofly,0
851,00851.jpg,nofly,0
852,00852.jpg,nofly,0
853,00853.jpg,nofly,0
854,00854.jpg,nofly,0
855,00855.jpg,nofly,0
856,00856.jpg,nofly,0
857,00857.jpg,nofly,0
858,00858.jpg,nofly,0
859,00859.jpg,nofly,0
860,00860.jpg,nofly,0
861,00861.jpg,nofly,0
862,00862.jpg,nofly,0
863,00863.jpg,nofly,0
864,00864.jpg,nofly,0
865,00865.jpg,nofly,0
866,00866.jpg,nofly,0
867,00867.jpg,nofly,0
868,00868.jpg,nofly,0
869,00869.jpg,nofly,0
870,00870.jpg,nofly,0
871,00871.jpg,nofly,0
872,00872.jpg,nofly,0
873,00873.jpg,nofly,0
874,00874.jpg,nofly,0
875,00875.jpg,nofly,0
876,00876.jpg,nofly,0
877,00877.jpg,nofly,0
878,00878.jpg,nofly,0
879,00879.jpg,nofly,0
880,00880.jpg,nofly,0
881,00881.jpg,nofly,0
882,00882.jpg,nofly,0
883,00883.jpg,nofly,0
884,00884.jpg,nofly,0
885,00885.jpg,nofly,0
886,00886.jpg,nofly,0
887,00887.jpg,nofly,0
888,00888.jpg,nofly,0
889,00889.jpg,nofly,0
890,00890.jpg,nofly,0
891,00891.jpg,nofly,0
892,00892.jpg,nofly,0
893,00893.jpg,nofly,0
894,00894.jpg,nofly,0
895,00895.jpg,nofly,0
896,00896.jpg,nofly,0
897,00897.jpg,nofly,0
898,00898.jpg,nofly,0
899,00899.jpg,nofly,0
900,00900.jpg,nofly,0
901,00901.jpg,nofly,0
902,00902.jpg,nofly,0
903,00903.jpg,nofly,0
904,00904.jpg,nofly,0
905,00905.jpg,nofly,0
906,00906.jpg,nofly,0
907,00907.jpg,nofly,0
908,00908.jpg,nofly,0
909,00909.jpg,nofly,0
910,00910.jpg,nofly,0
911,00911.jpg,nofly,0
912,00912.jpg,nofly,0
913,00913.jpg,nofly,0
914,00914.jpg,nofly,0
915,00915.jpg,nofly,0
916,00916.jpg,nofly,0
917,00917.jpg,nofly,0
918,00918.jpg,nofly,0
919,00919.jpg,nofly,0
920,00920.jpg,nofly,0
921,00921.jpg,nofly,0
922,00922.jpg,nofly,0
923,00923.jpg,nofly,0
924,00924.jpg,nofly,0
925,00925.jpg,nofly,0
926,00926.jpg,nofly,0
927,00927.jpg,nofly,0
928,00928.jpg,nofly,0
929,00929.jpg,nofly,0
930,00930.jpg,nofly,0
931,00931.jpg,nofly,0
932,00932.jpg,nofly,0
933,00933.jpg,nofly,0
934,00934.jpg,nofly,0
935,00935.jpg,nofly,0
936,00936.jpg,nofly,0
937,00937.jpg,nofly,0
938,00938.jpg,nofly,0
939,00939.jpg,nofly,0
940,00940.jpg,nofly,0
941,00941.jpg,nofly,0
942,00942.jpg,nofly,0
943,00943.jpg,nofly,0
944,00944.jpg,nofly,0
945,00945.jpg,nofly,0
946,00946.jpg,nofly,0
947,00947.jpg,nofly,0
948,00948.jpg,nofly,0
949,00949.jpg,nofly,0
950,00950.jpg,nofly,0
951,00951.jpg,nofly,0
952,00952.jpg,nofly,0
953,00953.jpg,nofly,0
954,00954.jpg,nofly,0
955,00955.jpg,nofly,0
956,00956.jpg,nofly,0
957,00957.jpg,nofly,0
958,00958.jpg,nofly,0
959,00959.jpg,nofly,0
960,00960.jpg,nofly,0
961,00961.jpg,nofly,0
962,00962.jpg,nofly,0
963,00963.jpg,nofly,0
964,00964.jpg,nofly,0
965,00965.jpg,nofly,0
966,00966.jpg,nofly,0
967,00967.jpg,nofly,0
968,00968.jpg,nofly,0
969,00969.jpg,nofly,0
970,00970.jpg,nofly,0
971,00971.jpg,nofly,0
972,00972.jpg,nofly,0
973,00973.jpg,nofly,0
974,00974.jpg,nofly,0
975,00975.jpg,nofly,0
976,00976.jpg,nofly,0
977,00977.jpg,nofly,0
978,00978.jpg,nofly,0
979,00979.jpg,nofly,0
980,00980.jpg,nofly,0
981,00981.jpg,nofly,0
982,00982.jpg,nofly,0
983,00983.jpg,nofly,0
984,00984.jpg,nofly,0
985,00985.jpg,nofly,0
986,00986.jpg,nofly,0
987,00987.jpg,nofly,0
988,00988.jpg,nofly,0
989,00989.jpg,nofly,0
990,00990.jpg,nofly,0
991,00991.jpg,nofly,0
992,00992.jpg,nofly,0
993,00993.jpg,nofly,0
994,00994.jpg,nofly,0
995,00995.jpg,nofly,0
996,00996.jpg,nofly,0
997,00997.jpg,nofly,0
998,00998.jpg,nofly,0
999,00999.jpg,nofly,0
1000,01000.jpg,nofly,0
1001,01001.jpg,nofly,0
1002,01002.jpg,nofly,0
1003,01003.jpg,nofly,0
1004,01004.jpg,nofly,0
1005,01005.jpg,nofly,0
1006,01006.jpg,nofly,0
1007,01007.jpg,nofly,0
1008,01008.jpg,nofly,0
1009,01009.jpg,nofly,0
1010,01010.jpg,nofly,0
1011,01011.jpg,nofly,0
1012,01012.jpg,nofly,0
1013,01013.jpg,nofly,0
1014,01014.jpg,nofly,0
1015,01015.jpg,nofly,0
1016,01016.jpg,nofly,0
1017,01017.jpg,nofly,0
1018,01018.jpg,nofly,0
1019,01019.jpg,nofly,0
1020,01020.jpg,nofly,0
1021,01021.jpg,nofly,0
1022,01022.jpg,nofly,0
1023,01023.jpg,nofly,0
1024,01024.jpg,nofly,0
1025,01025.jpg,nofly,0
1026,01026.jpg,nofly,0
1027,01027.jpg,nofly,0
1028,01028.jpg,nofly,0
1029,01029.jpg,nofly,0
1030,01030.jpg,nofly,0
1031,01031.jpg,nofly,0
1032,01032.jpg,nofly,0
1033,01033.jpg,nofly,0
1034,01034.jpg,nofly,0
1035,01035.jpg,nofly,0
1036,01036.jpg,nofly,0
1037,01037.jpg,nofly,0
1038,01038.jpg,nofly,0
1039,01039.jpg,nofly,0
1040,01040.jpg,nofly,0
1041,01041.jpg,nofly,0
1042,01042.jpg,nofly,0
1043,01043.jpg,nofly,0
1044,01044.jpg,nofly,0
1045,01045.jpg,nofly,0
1046,01046.jpg,nofly,0
1047,01047.jpg,nofly,0
1048,01048.jpg,nofly,0
1049,01049.jpg,nofly,0
1050,01050.jpg,nofly,0
1051,01051.jpg,nofly,0
1052,01052.jpg,nofly,0
1053,01053.jpg,nofly,0
1054,01054.jpg,nofly,0
1055,01055.jpg,nofly,0
1056,01056.jpg,nofly,0
1057,01057.jpg,nofly,0
1058,01058.jpg,nofly,0
1059,01059.jpg,nofly,0
1060,01060.jpg,nofly,0
1061,01061.jpg,nofly,0
1062,01062.jpg,nofly,0
1063,01063.jpg,nofly,0
1064,01064.jpg,nofly,0
1065,01065.jpg,nofly,0
1066,01066.jpg,nofly,0
1067,01067.jpg,nofly,0
1068,01068.jpg,nofly,0
1069,01069.jpg,nofly,0
1070,01070.jpg,nofly,0
1071,01071.jpg,nofly,0
1072,01072.jpg,nofly,0
1073,01073.jpg,nofly,0
1074,01074.jpg,nofly,0
1075,01075.jpg,nofly,0
1076,01076.jpg,nofly,0
1077,01077.jpg,nofly,0
1078,01078.jpg,nofly,0
1079,01079.jpg,nofly,0
1080,01080.jpg,nofly,0
1081,01081.jpg,nofly,0
1082,01082.jpg,nofly,0
1083,01083.jpg,nofly,0
1084,01084.jpg,nofly,0
1085,01085.jpg,nofly,0
1086,01086.jpg,nofly,0
1087,01087.jpg,nofly,0
1088,01088.jpg,nofly,0
1089,01089.jpg,nofly,0
1090,01090.jpg,nofly,0
1091,01091.jpg,nofly,0
1092,01092.jpg,nofly,0
1093,01093.jpg,nofly,0
1094,01094.jpg,nofly,0
1095,01095.jpg,nofly,0
1096,01096.jpg,nofly,0
1097,01097.jpg,nofly,0
1098,01098.jpg,nofly,0
1099,01099.jpg,nofly,0
1100,01100.jpg,nofly,0
1101,01101.jpg,nofly,0
1102,01102.jpg,nofly,0
1103,01103.jpg,nofly,0
1104,01104.jpg,nofly,0
1105,01105.jpg,nofly,0
1106,01106.jpg,nofly,0
1107,01107.jpg,nofly,0
1108,01108.jpg,nofly,0
1109,01109.jpg,nofly,0
1110,01110.jpg,nofly,0
1111,01111.jpg,nofly,0
1112,01112.jpg,nofly,0
1113,01113.jpg,nofly,0
1114,01114.jpg,nofly,0
1115,01115.jpg,nofly,0
1116,01116.jpg,nofly,0
1117,01117.jpg,nofly,0
1118,01118.jpg,nofly,0
1119,01119.jpg,nofly,0
1120,01120.jpg,nofly,0
1121,01121.jpg,nofly,0
1122,01122.jpg,nofly,0
1123,01123.jpg,nofly,0
1124,01124.jpg,nofly,0
1125,01125.jpg,nofly,0
1126,01126.jpg,nofly,0
1127,01127.jpg,nofly,0
1128,01128.jpg,nofly,0
1129,01129.jpg,nofly,0
1130,01130.jpg,nofly,0
1131,01131.jpg,nofly,0
1132,01132.jpg,nofly,0
1133,01133.jpg,nofly,0
1134,01134.jpg,nofly,0
1135,01135.jpg,nofly,0
1136,01136.jpg,nofly,0
1137,01137.jpg,nofly,0
1138,01138.jpg,nofly,0
1139,01139.jpg,nofly,0
1140,01140.jpg,nofly,0
1141,01141.jpg,nofly,0
1142,01142.jpg,nofly,0
1143,01143.jpg,nofly,0
1144,01144.jpg,nofly,0
1145,01145.jpg,nofly,0
1146,01146.jpg,nofly,0
1147,01147.jpg,nofly,0
1148,01148.jpg,nofly,0
1149,01149.jpg,nofly,0
1150,01150.jpg,nofly,0
1151,01151.jpg,nofly,0
1152,01152.jpg,nofly,0
1153,01153.jpg,nofly,0
1154,01154.jpg,nofly,0
1155,01155.jpg,nofly,0
1156,01156.jpg,nofly,0
1157,01157.jpg,nofly,0
1158,01158.jpg,nofly,0
1159,01159.jpg,nofly,0
1160,01160.jpg,nofly,0
1161,01161.jpg,nofly,0
1162,01162.jpg,nofly,0
1163,01163.jpg,nofly,0
1164,01164.jpg,nofly,0
1165,01165.jpg,nofly,0
1166,01166.jpg,nofly,0
1167,01167.jpg,nofly,0
1168,01168.jpg,nofly,0
1169,01169.jpg,nofly,0
1170,01170.jpg,nofly,0
1171,01171.jpg,nofly,0
1172,01172.jpg,nofly,0
1173,01173.jpg,nofly,0
1174,01174.jpg,nofly,0
1175,01175.jpg,nofly,0
1176,01176.jpg,nofly,0
1177,01177.jpg,nofly,0
1178,01178.jpg,nofly,0
1179,01179.jpg,nofly,0
1180,01180.jpg,nofly,0
1181,01181.jpg,nofly,0
1182,01182.jpg,nofly,0
1183,01183.jpg,nofly,0
1184,01184.jpg,nofly,0
1185,01185.jpg,nofly,0
1186,01186.jpg,nofly,0
1187,01187.jpg,nofly,0
1188,01188.jpg,nofly,0
1189,01189.jpg,nofly,0
1190,01190.jpg,nofly,0
1191,01191.jpg,nofly,0
1192,01192.jpg,nofly,0
1193,01193.jpg,nofly,0
1194,01194.jpg,nofly,0
1195,01195.jpg,nofly,0
1196,01196.jpg,nofly,0
1197,01197.jpg,nofly,0
1198,01198.jpg,nofly,0
1199,01199.jpg,nofly,0
1200,01200.jpg,nofly,0
1201,01201.jpg,nofly,0
1202,01202.jpg,nofly,0
1203,01203.jpg,nofly,0
1204,01204.jpg,nofly,0
1205,01205.jpg,nofly,0
1206,01206.jpg,nofly,0
1207,01207.jpg,nofly,0
1208,01208.jpg,nofly,0
1209,01209.jpg,nofly,0
1210,01210.jpg,nofly,0
1211,01211.jpg,nofly,0
1212,01212.jpg,nofly,0
1213,01213.jpg,nofly,0
1214,01214.jpg,nofly,0
1215,01215.jpg,nofly,0
1216,01216.jpg,nofly,0
1217,01217.jpg,nofly,0
1218,01218.jpg,nofly,0
1219,01219.jpg,nofly,0
1220,01220.jpg,nofly,0
1221,01221.jpg,nofly,0
1222,01222.jpg,nofly,0
1223,01223.jpg,nofly,0
1224,01224.jpg,nofly,0
1225,01225.jpg,nofly,0
1226,01226.jpg,nofly,0
1227,01227.jpg,nofly,0
1228,01228.jpg,nofly,0
1229,01229.jpg,nofly,0
1230,01230.jpg,nofly,0
1231,01231.jpg,nofly,0
1232,01232.jpg,nofly,0
1233,01233.jpg,nofly,0
1234,01234.jpg,nofly,0
1235,01235.jpg,nofly,0
1236,01236.jpg,nofly,0
1237,01237.jpg,nofly,0
1238,01238.jpg,nofly,0
1239,01239.jpg,nofly,0
1240,01240.jpg,nofly,0
1241,01241.jpg,nofly,0
1242,01242.jpg,nofly,0
1243,01243.jpg,nofly,0
1244,01244.jpg,nofly,0
1245,01245.jpg,nofly,0
1246,01246.jpg,nofly,0
1247,01247.jpg,nofly,0
1248,01248.jpg,nofly,0
1249,01249.jpg,nofly,0
1250,01250.jpg,nofly,0
1251,01251.jpg,nofly,0
1252,01252.jpg,nofly,0
1253,01253.jpg,nofly,0
1254,01254.jpg,nofly,0
1255,01255.jpg,nofly,0
1256,01256.jpg,nofly,0
1257,01257.jpg,nofly,0
1258,01258.jpg,nofly,0
1259,01259.jpg,nofly,0
1260,01260.jpg,nofly,0
1261,01261.jpg,nofly,0
1262,01262.jpg,nofly,0
1263,01263.jpg,nofly,0
1264,01264.jpg,nofly,0
1265,01265.jpg,nofly,0
1266,01266.jpg,nofly,0
1267,01267.jpg,nofly,0
1268,01268.jpg,nofly,0
1269,01269.jpg,nofly,0
1270,01270.jpg,nofly,0
1271,01271.jpg,nofly,0
1272,01272.jpg,nofly,0
1273,01273.jpg,nofly,0
1274,01274.jpg,nofly,0
1275,01275.jpg,nofly,0
1276,01276.jpg,nofly,0
1277,01277.jpg,nofly,0
1278,01278.jpg,nofly,0
1279,01279.jpg,nofly,0
1280,01280.jpg,nofly,0
1281,01281.jpg,nofly,0
1282,01282.jpg,nofly,0
1283,01283.jpg,nofly,0
1284,01284.jpg,nofly,0
1285,01285.jpg,nofly,0
1286,01286.jpg,nofly,0
1287,01287.jpg,nofly,0
1288,01288.jpg,nofly,0
1289,01289.jpg,nofly,0
1290,01290.jpg,nofly,0
1291,01291.jpg,nofly,0
1292,01292.jpg,nofly,0
1293,01293.jpg,nofly,0
1294,01294.jpg,nofly,0
1295,01295.jpg,nofly,0
1296,01296.jpg,nofly,0
1297,01297.jpg,nofly,0
1298,01298.jpg,nofly,0
1299,01299.jpg,nofly,0
1300,01300.jpg,nofly,0
1301,01301.jpg,nofly,0
1302,01302.jpg,nofly,0
1303,01303.jpg,nofly,0
1304,01304.jpg,nofly,0
1305,01305.jpg,nofly,0
1306,01306.jpg,nofly,0
1307,01307.jpg,nofly,0
1308,01308.jpg,nofly,0
1309,01309.jpg,nofly,0
1310,01310.jpg,nofly,0
1311,01311.jpg,nofly,0
1312,01312.jpg,nofly,0
1313,01313.jpg,nofly,0
1314,01314.jpg,nofly,0
1315,01315.jpg,nofly,0
1316,01316.jpg,nofly,0
1317,01317.jpg,nofly,0
1318,01318.jpg,nofly,0
1319,01319.jpg,nofly,0
1320,01320.jpg,nofly,0
1321,01321.jpg,nofly,0
1322,01322.jpg,nofly,0
1323,01323.jpg,nofly,0
1324,01324.jpg,nofly,0
1325,01325.jpg,nofly,0
1326,01326.jpg,nofly,0
1327,01327.jpg,nofly,0
1328,01328.jpg,nofly,0
1329,01329.jpg,nofly,0
1330,01330.jpg,nofly,0
1331,01331.jpg,nofly,0
1332,01332.jpg,nofly,0
1333,01333.jpg,nofly,0
1334,01334.jpg,nofly,0
1335,01335.jpg,nofly,0
1336,01336.jpg,nofly,0
1337,01337.jpg,nofly,0
1338,01338.jpg,nofly,0
1339,01339.jpg,nofly,0
1340,01340.jpg,nofly,0
1341,01341.jpg,nofly,0
1342,01342.jpg,nofly,0
1343,01343.jpg,nofly,0
1344,01344.jpg,nofly,0
1345,01345.jpg,nofly,0
1346,01346.jpg,nofly,0
1347,01347.jpg,nofly,0
1348,01348.jpg,nofly,0
1349,01349.jpg,nofly,0
1350,01350.jpg,nofly,0
1351,01351.jpg,nofly,0
1352,01352.jpg,nofly,0
1353,01353.jpg,nofly,0
1354,01354.jpg,nofly,0
1355,01355.jpg,nofly,0
1356,01356.jpg,nofly,0
1357,01357.jpg,nofly,0
1358,01358.jpg,nofly,0
1359,01359.jpg,nofly,0
1360,01360.jpg,nofly,0
1361,01361.jpg,nofly,0
1362,01362.jpg,nofly,0
1363,01363.jpg,nofly,0
1364,01364.jpg,nofly,0
1365,01365.jpg,nofly,0
1366,01366.jpg,nofly,0
1367,01367.jpg,nofly,0
1368,01368.jpg,nofly,0
1369,01369.jpg,nofly,0
1370,01370.jpg,nofly,0
1371,01371.jpg,nofly,0
1372,01372.jpg,nofly,0
1373,01373.jpg,nofly,0
1374,01374.jpg,nofly,0
1375,01375.jpg,nofly,0
1376,01376.jpg,nofly,0
1377,01377.jpg,nofly,0
1378,01378.jpg,nofly,0
1379,01379.jpg,nofly,0
1380,01380.jpg,nofly,0
1381,01381.jpg,nofly,0
1382,01382.jpg,nofly,0
1383,01383.jpg,nofly,0
1384,01384.jpg,nofly,0
1385,01385.jpg,nofly,0
1386,01386.jpg,nofly,0
1387,01387.jpg,nofly,0
1388,01388.jpg,nofly,0
1389,01389.jpg,nofly,0
1390,01390.jpg,nofly,0
1391,01391.jpg,nofly,0
1392,01392.jpg,nofly,0
1393,01393.jpg,nofly,0
1394,01394.jpg,nofly,0
1395,01395.jpg,nofly,0
1396,01396.jpg,nofly,0
1397,01397.jpg,nofly,0
1398,01398.jpg,nofly,0
1399,01399.jpg,nofly,0
1400,01400.jpg,nofly,0
1401,01401.jpg,nofly,0
1402,01402.jpg,nofly,0
1403,01403.jpg,nofly,0
1404,01404.jpg,nofly,0
1405,01405.jpg,nofly,0
1406,01406.jpg,nofly,0
1407,01407.jpg,nofly,0
1408,01408.jpg,nofly,0
1409,01409.jpg,nofly,0
1410,01410.jpg,nofly,0
1411,01411.jpg,nofly,0
1412,01412.jpg,nofly,0
1413,01413.jpg,nofly,0
1414,01414.jpg,nofly,0
1415,01415.jpg,nofly,0
1416,01416.jpg,nofly,0
1417,01417.jpg,nofly,0
1418,01418.jpg,nofly,0
1419,01419.jpg,nofly,0
1420,01420.jpg,nofly,0
1421,01421.jpg,nofly,0
1422,01422.jpg,nofly,0
1423,01423.jpg,nofly,0
1424,01424.jpg,nofly,0
1425,01425.jpg,nofly,0
1426,01426.jpg,nofly,0
1427,01427.jpg,nofly,0
1428,01428.jpg,nofly,0
1429,01429.jpg,nofly,0
1430,01430.jpg,nofly,0
1431,01431.jpg,nofly,0
1432,01432.jpg,nofly,0
1433,01433.jpg,nofly,0
1434,01434.jpg,nofly,0
1435,01435.jpg,nofly,0
1436,01436.jpg,nofly,0
1437,01437.jpg,nofly,0
1438,01438.jpg,nofly,0
1439,01439.jpg,nofly,0
1440,01440.jpg,nofly,0
1441,01441.jpg,nofly,0
1442,01442.jpg,nofly,0
1443,01443.jpg,nofly,0
1444,01444.jpg,nofly,0
1445,01445.jpg,nofly,0
1446,01446.jpg,nofly,0
1447,01447.jpg,nofly,0
1448,01448.jpg,nofly,0
1449,01449.jpg,nofly,0
1450,01450.jpg,nofly,0
1451,01451.jpg,nofly,0
1452,01452.jpg,nofly,0
1453,01453.jpg,nofly,0
1454,01454.jpg,nofly,0
1455,01455.jpg,nofly,0
1456,01456.jpg,nofly,0
1457,01457.jpg,nofly,0
1458,01458.jpg,nofly,0
1459,01459.jpg,nofly,0
1460,01460.jpg,nofly,0
1461,01461.jpg,nofly,0
1462,01462.jpg,nofly,0
1463,01463.jpg,nofly,0
1464,01464.jpg,nofly,0
1465,01465.jpg,nofly,0
